1) What Switch statement accepts?,a)int,b)char,c)long,d)All of the above,4
2)The continue statment cannot be used with,a)for,b)while,c)do while,d)switch,4
3)Which loop is guaranteed to execute at least one time,a)do-while,b)While,c)for,d)None of the above,1
4) Which of the following control structures is an exit-controlled loop?,a)for loop,b) while loop,c)const,d)do while loop,4
5).The while loop repeats a set of code while the condition is not met?,a)True ,b)False,,,2
6).Which of the following is used with switch statement?,a)Continue,b)Exit,c)Break,d)Do,3
7).Which of the following is not a decision making statement?,a)If,b)if-else,c)Switch,d)do-while,4
8).Using keyword as an identifier causes,a)Logical error,b)Run-time error,c)Syntax error,d)None of the above,4
9)do-while loop terminates when conditional expression returns?,a) one,b)zero,C) non-zero,d)None of the above,2
10)A labeled statement consist of an identifier followed by?,a);,b):,c)=,d)+,2
,,,,,
,,,,,
,,,,,
,,,,,
,,,,,
,,,,,
,,,,,
,,,,,
,,,,,
